{"initial":{"borders":6.093366821296513,"allyDist":-8.142780135385692,"enemyDist":-3.959204740822315,"superRegionSize":3.4198292205110192,"superRegionClaimedAlly":-9.347624811343849,"superRegionClaimedEnemy":-7.851277533918619,"superRegionBorders":6.5076272981241345,"superRegionWastelands":2.0484521333128214,"superRegionBonus":6.108968732878566,"superRegionBonusPerRegion":-6.759094037115574,"isSuperRegionBorder":3.560809101909399}}