{"initial":{"borders":4.774257377721369,"allyDist":9.6398318791762,"enemyDist":-4.174777274020016,"superRegionSize":3.6747196642681956,"superRegionClaimedAlly":5.029826276004314,"superRegionClaimedEnemy":-2.5128695322200656,"superRegionBorders":2.5351056596264243,"superRegionWastelands":-0.17341647762805223,"superRegionBonus":2.6289641857147217,"superRegionBonusPerRegion":9.682115488685668,"isSuperRegionBorder":0.057534403167665005}}