{"initial":{"borders":-6.893677073530853,"allyDist":-6.5026957634836435,"enemyDist":1.9320100452750921,"superRegionSize":0.6434705900028348,"superRegionClaimedAlly":-7.828343263827264,"superRegionClaimedEnemy":7.432559696026146,"superRegionBorders":-0.41524365544319153,"superRegionWastelands":6.139408410526812,"superRegionBonus":2.7950786659494042,"superRegionBonusPerRegion":4.680665489286184,"isSuperRegionBorder":2.5917835580185056}}