{"initial":{"borders":-8.046440277248621,"allyDist":-5.923048132099211,"enemyDist":-3.978334218263626,"superRegionSize":-2.615473549813032,"superRegionClaimedAlly":-8.722410066984594,"superRegionClaimedEnemy":4.740406144410372,"superRegionBorders":-2.122320835478604,"superRegionWastelands":5.424330518580973,"superRegionBonus":-9.608918852172792,"superRegionBonusPerRegion":2.714541098102927,"isSuperRegionBorder":-6.762078111059964}}