{"initial":{"borders":8.241404294967651,"allyDist":0.36825355142354965,"enemyDist":-9.184407196007669,"superRegionSize":-4.950156840495765,"superRegionClaimedAlly":-2.897460679523647,"superRegionClaimedEnemy":6.867320309393108,"superRegionBorders":5.143576464615762,"superRegionWastelands":-9.269668166525662,"superRegionBonus":1.2166123511269689,"superRegionBonusPerRegion":2.4458800815045834,"isSuperRegionBorder":8.672903501428664}}