{"initial":{"borders":0.9050478553399444,"allyDist":5.651242476888001,"enemyDist":-0.5528177414089441,"superRegionSize":4.1033175168558955,"superRegionClaimedAlly":-8.717629150487483,"superRegionClaimedEnemy":-5.373915093950927,"superRegionBorders":-5.4906064830720425,"superRegionWastelands":-6.456711757928133,"superRegionBonus":-6.831698468886316,"superRegionBonusPerRegion":-9.448036067187786,"isSuperRegionBorder":-0.9347775625064969}}