{"initial":{"borders":8.475498193874955,"allyDist":3.11016071587801,"enemyDist":9.219093518331647,"superRegionSize":-6.82860454544425,"superRegionClaimedAlly":-4.609885695390403,"superRegionClaimedEnemy":-7.163279191590846,"superRegionBorders":-4.458807394839823,"superRegionWastelands":-3.6072427732869983,"superRegionBonus":8.607604755088687,"superRegionBonusPerRegion":4.675519205629826,"isSuperRegionBorder":-9.348582401871681}}