{"initial":{"borders":6.47522883489728,"allyDist":-0.1453365059569478,"enemyDist":9.926420515403152,"superRegionSize":1.1496742768213153,"superRegionClaimedAlly":2.718955264426768,"superRegionClaimedEnemy":-6.76969020627439,"superRegionBorders":-4.4504698272794485,"superRegionWastelands":5.0636959774419665,"superRegionBonus":6.009010439738631,"superRegionBonusPerRegion":-5.188156580552459,"isSuperRegionBorder":9.47338953614235}}