{"initial":{"borders":9.851045296527445,"allyDist":2.132769669406116,"enemyDist":5.668704733252525,"superRegionSize":-1.0804451117292047,"superRegionClaimedAlly":-9.401995856314898,"superRegionClaimedEnemy":-8.502262965776026,"superRegionBorders":-9.954410693608224,"superRegionWastelands":-9.742158730514348,"superRegionBonus":-6.029799082316458,"superRegionBonusPerRegion":9.743316802196205,"isSuperRegionBorder":-1.8607170274481177}}