{"initial":{"borders":-7.510253409855068,"allyDist":0.984164304099977,"enemyDist":-9.837365364655852,"superRegionSize":0.255847554653883,"superRegionClaimedAlly":0.9882210334762931,"superRegionClaimedEnemy":9.331412645988166,"superRegionBorders":-2.5588340871036053,"superRegionWastelands":-1.6291332338005304,"superRegionBonus":-4.835541415959597,"superRegionBonusPerRegion":2.550780768506229,"isSuperRegionBorder":-0.1941594434902072}}