{"initial":{"borders":6.699818475171924,"allyDist":5.113796670921147,"enemyDist":-8.542955098673701,"superRegionSize":2.230781060643494,"superRegionClaimedAlly":6.852956609800458,"superRegionClaimedEnemy":7.94548109639436,"superRegionBorders":7.520142761059105,"superRegionWastelands":3.090175143443048,"superRegionBonus":5.803286801092327,"superRegionBonusPerRegion":5.70556859485805,"isSuperRegionBorder":5.709914122708142}}