{"initial":{"borders":-7.042370340786874,"allyDist":-1.7346016131341457,"enemyDist":-4.369324655272067,"superRegionSize":-9.934264617040753,"superRegionClaimedAlly":-5.451998733915389,"superRegionClaimedEnemy":5.581030794419348,"superRegionBorders":-7.835359466262162,"superRegionWastelands":2.23765199072659,"superRegionBonus":-6.399178276769817,"superRegionBonusPerRegion":-4.767187936231494,"isSuperRegionBorder":-6.24176871497184}}