{"initial":{"borders":3.836991894058883,"allyDist":-4.201682931743562,"enemyDist":-7.628171597607434,"superRegionSize":-4.378745439462364,"superRegionClaimedAlly":-2.1275647776201367,"superRegionClaimedEnemy":9.37603757251054,"superRegionBorders":-0.07727750111371279,"superRegionWastelands":-2.2585275443270802,"superRegionBonus":-9.935499620623887,"superRegionBonusPerRegion":-6.880694283172488,"isSuperRegionBorder":9.223824255168438}}