{"initial":{"borders":1.9438613345846534,"allyDist":-0.7042142422869802,"enemyDist":-6.067037298344076,"superRegionSize":0.946787865832448,"superRegionClaimedAlly":-0.7234053127467632,"superRegionClaimedEnemy":7.012563953176141,"superRegionBorders":4.845653283409774,"superRegionWastelands":0.5066598253324628,"superRegionBonus":7.934296312741935,"superRegionBonusPerRegion":7.6909758895635605,"isSuperRegionBorder":-1.1163372546434402}}