{"initial":{"borders":-2.2386195929721,"allyDist":-9.973546615801752,"enemyDist":5.33500574529171,"superRegionSize":-3.9484247704967856,"superRegionClaimedAlly":-0.29085890389978886,"superRegionClaimedEnemy":2.452163491398096,"superRegionBorders":3.807051037438214,"superRegionWastelands":9.357272731140256,"superRegionBonus":0.4116341983899474,"superRegionBonusPerRegion":-7.548153568059206,"isSuperRegionBorder":-1.5019786776974797}}