{"initial":{"borders":9.354135850444436,"allyDist":6.447363928891718,"enemyDist":-2.6771569717675447,"superRegionSize":2.67744324170053,"superRegionClaimedAlly":3.8622998259961605,"superRegionClaimedEnemy":5.338845495134592,"superRegionBorders":-8.611956313252449,"superRegionWastelands":-1.2316746264696121,"superRegionBonus":3.0210247775539756,"superRegionBonusPerRegion":-0.12860596645623446,"isSuperRegionBorder":-8.396325656212866}}