{"initial":{"borders":8.258747686631978,"allyDist":-3.8963302737101912,"enemyDist":1.4102119021117687,"superRegionSize":-7.605535057373345,"superRegionClaimedAlly":4.336754661053419,"superRegionClaimedEnemy":-1.383664314635098,"superRegionBorders":6.428448799997568,"superRegionWastelands":-6.775188334286213,"superRegionBonus":-2.4717654520645738,"superRegionBonusPerRegion":2.100742938928306,"isSuperRegionBorder":4.534988030791283}}