{"initial":{"borders":-7.197409514337778,"allyDist":1.8498491030186415,"enemyDist":0.3284164145588875,"superRegionSize":-6.244477671571076,"superRegionClaimedAlly":4.383257841691375,"superRegionClaimedEnemy":0.8456893777474761,"superRegionBorders":0.8839389076456428,"superRegionWastelands":7.700601569376886,"superRegionBonus":-6.982042589224875,"superRegionBonusPerRegion":7.305869422852993,"isSuperRegionBorder":-9.147249120287597}}