{"initial":{"borders":-1.5084235090762377,"allyDist":-4.421287700533867,"enemyDist":-5.266363462433219,"superRegionSize":-1.9899811735376716,"superRegionClaimedAlly":-9.322042339481413,"superRegionClaimedEnemy":-7.145037362352014,"superRegionBorders":4.383862265385687,"superRegionWastelands":-8.397497911937535,"superRegionBonus":6.636272710748017,"superRegionBonusPerRegion":-1.6251706192269921,"isSuperRegionBorder":9.224060089327395}}