{"initial":{"borders":2.98324026633054,"allyDist":-1.8668901827186346,"enemyDist":-9.617708465084434,"superRegionSize":1.1414195550605655,"superRegionClaimedAlly":8.779359790496528,"superRegionClaimedEnemy":3.787750033661723,"superRegionBorders":4.451879537664354,"superRegionWastelands":-3.874797602184117,"superRegionBonus":-8.972597154788673,"superRegionBonusPerRegion":-7.5078031327575445,"isSuperRegionBorder":2.2224984131753445}}