{"initial":{"borders":1.8807935575023293,"allyDist":-2.2643361473456025,"enemyDist":6.059018117375672,"superRegionSize":-4.823853145353496,"superRegionClaimedAlly":-0.7435725722461939,"superRegionClaimedEnemy":2.2718607168644667,"superRegionBorders":-8.188439649529755,"superRegionWastelands":-4.855992952361703,"superRegionBonus":-7.909062481485307,"superRegionBonusPerRegion":7.805064870044589,"isSuperRegionBorder":-7.607866236940026}}