{"initial":{"borders":5.276036541908979,"allyDist":-1.9546331651508808,"enemyDist":-8.152729477733374,"superRegionSize":-2.2474463749676943,"superRegionClaimedAlly":5.926227471791208,"superRegionClaimedEnemy":1.6717641009017825,"superRegionBorders":-3.913172548636794,"superRegionWastelands":-3.029679604806006,"superRegionBonus":4.6483405493199825,"superRegionBonusPerRegion":-2.256595501676202,"isSuperRegionBorder":4.378657592460513}}