{"initial":{"borders":-2.5013163406401873,"allyDist":-7.0865983329713345,"enemyDist":-2.796548926271498,"superRegionSize":7.547221588902175,"superRegionClaimedAlly":4.338787142187357,"superRegionClaimedEnemy":1.301307464018464,"superRegionBorders":-4.165537473745644,"superRegionWastelands":6.450354689732194,"superRegionBonus":8.62645504064858,"superRegionBonusPerRegion":8.58628744725138,"isSuperRegionBorder":2.8788181906566024}}