{"initial":{"borders":-4.012828776612878,"allyDist":-5.32004589214921,"enemyDist":9.714328120462596,"superRegionSize":-4.385930700227618,"superRegionClaimedAlly":-3.9098272379487753,"superRegionClaimedEnemy":-4.170706472359598,"superRegionBorders":-8.522943826392293,"superRegionWastelands":2.829428813420236,"superRegionBonus":2.408994361758232,"superRegionBonusPerRegion":3.336029821075499,"isSuperRegionBorder":-0.7336352439597249}}