{"initial":{"borders":-2.954116421751678,"allyDist":2.462202883325517,"enemyDist":4.650603327900171,"superRegionSize":3.272862550802529,"superRegionClaimedAlly":0.9031060431152582,"superRegionClaimedEnemy":-4.985445039346814,"superRegionBorders":1.6086978185921907,"superRegionWastelands":-5.895378855057061,"superRegionBonus":-0.6111077731475234,"superRegionBonusPerRegion":9.983715931884944,"isSuperRegionBorder":-4.5422453712671995}}