{"initial":{"borders":-5.754253147169948,"allyDist":0.8292634272947907,"enemyDist":0.969777125865221,"superRegionSize":-6.152089415118098,"superRegionClaimedAlly":6.260243039578199,"superRegionClaimedEnemy":0.1350345741957426,"superRegionBorders":6.498483004979789,"superRegionWastelands":-0.8238935470581055,"superRegionBonus":-1.7233215738087893,"superRegionBonusPerRegion":0.9273104462772608,"isSuperRegionBorder":8.323143795132637}}