{"initial":{"borders":7.972211646847427,"allyDist":8.397977440617979,"enemyDist":7.7678195759654045,"superRegionSize":5.595658076927066,"superRegionClaimedAlly":-0.08691129740327597,"superRegionClaimedEnemy":6.1295302445068955,"superRegionBorders":6.811103662475944,"superRegionWastelands":-4.799626599997282,"superRegionBonus":-5.853309398517013,"superRegionBonusPerRegion":-8.556393650360405,"isSuperRegionBorder":-2.888669860549271}}