{"initial":{"borders":-6.525306762196124,"allyDist":-4.592868331819773,"enemyDist":1.04998589027673,"superRegionSize":-0.5337652331218123,"superRegionClaimedAlly":3.9812458073720336,"superRegionClaimedEnemy":-9.640171686187387,"superRegionBorders":1.0810134699568152,"superRegionWastelands":-0.685866023413837,"superRegionBonus":3.8348097121343017,"superRegionBonusPerRegion":9.204855016432703,"isSuperRegionBorder":-5.238057225942612}}