{"initial":{"borders":1.8416937626898289,"allyDist":-6.57989907078445,"enemyDist":-7.7515510795637965,"superRegionSize":6.527694235555828,"superRegionClaimedAlly":-0.2733057690784335,"superRegionClaimedEnemy":4.468817566521466,"superRegionBorders":3.1378336204215884,"superRegionWastelands":8.82789977826178,"superRegionBonus":-0.7941698236390948,"superRegionBonusPerRegion":-7.357341283932328,"isSuperRegionBorder":-2.88391777779907}}