{"initial":{"borders":3.910436346195638,"allyDist":-3.732799729332328,"enemyDist":9.456946975551546,"superRegionSize":-2.4043591879308224,"superRegionClaimedAlly":2.5787676591426134,"superRegionClaimedEnemy":6.688221483491361,"superRegionBorders":-3.2110645435750484,"superRegionWastelands":-6.315282364375889,"superRegionBonus":6.871545715257525,"superRegionBonusPerRegion":1.2359395297244191,"isSuperRegionBorder":-6.467362977564335}}