{"initial":{"borders":-5.679458505474031,"allyDist":-8.30754745285958,"enemyDist":1.5494891768321395,"superRegionSize":5.7406918331980705,"superRegionClaimedAlly":-2.69375566393137,"superRegionClaimedEnemy":5.357729215174913,"superRegionBorders":-9.271834744140506,"superRegionWastelands":2.7591529581695795,"superRegionBonus":-3.330579320900142,"superRegionBonusPerRegion":1.196968862786889,"isSuperRegionBorder":-8.06878003757447}}