{"initial":{"borders":6.044839732348919,"allyDist":-2.3826337326318026,"enemyDist":-7.695222571492195,"superRegionSize":5.611349977552891,"superRegionClaimedAlly":1.779536409303546,"superRegionClaimedEnemy":-1.6809254931285977,"superRegionBorders":0.963620888069272,"superRegionWastelands":3.1107831932604313,"superRegionBonus":-1.8429281376302242,"superRegionBonusPerRegion":5.100481263361871,"isSuperRegionBorder":-7.492912169545889}}