{"initial":{"borders":1.167468372732401,"allyDist":-3.083441462367773,"enemyDist":-2.3622550070285797,"superRegionSize":-1.5511492174118757,"superRegionClaimedAlly":3.812019443139434,"superRegionClaimedEnemy":1.7952399468049407,"superRegionBorders":-1.5576929785311222,"superRegionWastelands":3.904734901152551,"superRegionBonus":-5.501611162908375,"superRegionBonusPerRegion":-1.9875749899074435,"isSuperRegionBorder":-5.368120730854571}}