{"initial":{"borders":-0.22229631431400776,"allyDist":-0.3276138100773096,"enemyDist":3.198878145776689,"superRegionSize":7.972188061103225,"superRegionClaimedAlly":-9.280750919133425,"superRegionClaimedEnemy":-1.5909986244514585,"superRegionBorders":1.1049066204577684,"superRegionWastelands":-9.290599431842566,"superRegionBonus":0.4454839648678899,"superRegionBonusPerRegion":-1.9209669763222337,"isSuperRegionBorder":-4.2266737297177315}}