{"initial":{"borders":-0.12860803864896297,"allyDist":8.728251778520644,"enemyDist":-0.9514288324862719,"superRegionSize":-1.0792907606810331,"superRegionClaimedAlly":-9.213949381373823,"superRegionClaimedEnemy":0.9265890251845121,"superRegionBorders":-4.742213888093829,"superRegionWastelands":6.963710049167275,"superRegionBonus":3.3689763955771923,"superRegionBonusPerRegion":-5.229909964837134,"isSuperRegionBorder":-5.070585361681879}}