{"initial":{"borders":5.442462610080838,"allyDist":-5.183010916225612,"enemyDist":2.8569276677444577,"superRegionSize":-1.4634099276736379,"superRegionClaimedAlly":4.413632703945041,"superRegionClaimedEnemy":6.890836055390537,"superRegionBorders":-9.16644659359008,"superRegionWastelands":1.4810667932033539,"superRegionBonus":-7.014775420539081,"superRegionBonusPerRegion":-8.655712199397385,"isSuperRegionBorder":3.0357453413307667}}