{"initial":{"borders":2.077436870895326,"allyDist":4.945902670733631,"enemyDist":3.9098171051591635,"superRegionSize":4.324829541146755,"superRegionClaimedAlly":7.1939208172261715,"superRegionClaimedEnemy":0.1145206717774272,"superRegionBorders":-1.899902243167162,"superRegionWastelands":-4.6573083428666,"superRegionBonus":-4.169265553355217,"superRegionBonusPerRegion":-1.2169365212321281,"isSuperRegionBorder":8.35465629119426}}