{"initial":{"borders":5.0999272568151355,"allyDist":0.8468106761574745,"enemyDist":-2.4118598643690348,"superRegionSize":2.6520356396213174,"superRegionClaimedAlly":7.242664801888168,"superRegionClaimedEnemy":-5.476908176206052,"superRegionBorders":4.618777083232999,"superRegionWastelands":3.345243572257459,"superRegionBonus":4.943856247700751,"superRegionBonusPerRegion":-8.755444311536849,"isSuperRegionBorder":-7.430416326969862}}