{"initial":{"borders":6.9999761786311865,"allyDist":-2.2676918376237154,"enemyDist":6.941999820992351,"superRegionSize":-6.614767555147409,"superRegionClaimedAlly":6.387229412794113,"superRegionClaimedEnemy":8.972507412545383,"superRegionBorders":8.199038002640009,"superRegionWastelands":0.5307387327775359,"superRegionBonus":3.540228782221675,"superRegionBonusPerRegion":-0.19844938535243273,"isSuperRegionBorder":-8.284607282839715}}