{"initial":{"borders":-0.2654047543182969,"allyDist":6.446347893215716,"enemyDist":-1.830525053665042,"superRegionSize":6.110862577334046,"superRegionClaimedAlly":-9.310192349366844,"superRegionClaimedEnemy":9.674097909592092,"superRegionBorders":-6.287318510003388,"superRegionWastelands":-8.872671793214977,"superRegionBonus":-3.410944272764027,"superRegionBonusPerRegion":-9.113060412928462,"isSuperRegionBorder":1.5529227070510387}}