{"initial":{"borders":-4.292278359644115,"allyDist":0.5683069210499525,"enemyDist":-3.111156430095434,"superRegionSize":-3.2380820577964187,"superRegionClaimedAlly":6.784836398437619,"superRegionClaimedEnemy":-0.576223460957408,"superRegionBorders":0.7364463666453958,"superRegionWastelands":9.689167463220656,"superRegionBonus":6.0902808560058475,"superRegionBonusPerRegion":-0.2987391222268343,"isSuperRegionBorder":7.656052960082889}}