{"initial":{"borders":-4.535293816588819,"allyDist":-2.3607861436903477,"enemyDist":5.5611111130565405,"superRegionSize":-4.6355870785191655,"superRegionClaimedAlly":-5.949502270668745,"superRegionClaimedEnemy":-1.7417108733206987,"superRegionBorders":3.875654162839055,"superRegionWastelands":6.225014836527407,"superRegionBonus":-9.872974650934339,"superRegionBonusPerRegion":3.4287406178191304,"isSuperRegionBorder":8.592653786763549}}