{"initial":{"borders":2.4375144066289067,"allyDist":-2.0036500366404653,"enemyDist":5.192941511049867,"superRegionSize":-0.3342892415821552,"superRegionClaimedAlly":3.637996381148696,"superRegionClaimedEnemy":0.3057253733277321,"superRegionBorders":1.573532517068088,"superRegionWastelands":2.7938175201416016,"superRegionBonus":1.415135688148439,"superRegionBonusPerRegion":7.774619632400572,"isSuperRegionBorder":4.725527185946703}}