{"initial":{"borders":7.996394075453281,"allyDist":2.8161895694211125,"enemyDist":-9.646044918335974,"superRegionSize":-9.285754556767642,"superRegionClaimedAlly":5.524652260355651,"superRegionClaimedEnemy":-1.3167905528098345,"superRegionBorders":-8.236922584474087,"superRegionWastelands":-0.7122658472508192,"superRegionBonus":8.071817238815129,"superRegionBonusPerRegion":3.3991441689431667,"isSuperRegionBorder":-0.19552565179765224}}