{"initial":{"borders":4.499732032418251,"allyDist":-0.4451610427349806,"enemyDist":6.10508521553129,"superRegionSize":6.526914746500552,"superRegionClaimedAlly":-7.465579640120268,"superRegionClaimedEnemy":5.806664759293199,"superRegionBorders":3.3272929722443223,"superRegionWastelands":0.6340634543448687,"superRegionBonus":1.9838031474500895,"superRegionBonusPerRegion":-1.9986677542328835,"isSuperRegionBorder":-6.894783140160143}}