{"initial":{"borders":-8.242658684030175,"allyDist":-7.11368331220001,"enemyDist":5.917429993860424,"superRegionSize":0.7658596010878682,"superRegionClaimedAlly":-0.30154033564031124,"superRegionClaimedEnemy":-8.832009346224368,"superRegionBorders":-9.955524103716016,"superRegionWastelands":8.157679163850844,"superRegionBonus":-7.489638370461762,"superRegionBonusPerRegion":-8.4280248824507,"isSuperRegionBorder":-6.8623475870117545}}