{"initial":{"borders":-6.0943138133734465,"allyDist":-7.361391335725784,"enemyDist":4.127605436369777,"superRegionSize":9.59500752389431,"superRegionClaimedAlly":6.806597616523504,"superRegionClaimedEnemy":-6.38108164537698,"superRegionBorders":1.126540182158351,"superRegionWastelands":0.056323944590985775,"superRegionBonus":5.487970351241529,"superRegionBonusPerRegion":-4.527271846309304,"isSuperRegionBorder":7.353566894307733}}