{"initial":{"borders":2.2882315469905734,"allyDist":8.629757431335747,"enemyDist":2.4645894952118397,"superRegionSize":6.353859878145158,"superRegionClaimedAlly":-8.28241637442261,"superRegionClaimedEnemy":1.5526016568765044,"superRegionBorders":0.7710645720362663,"superRegionWastelands":-7.963140965439379,"superRegionBonus":-4.557218449190259,"superRegionBonusPerRegion":-1.0764219146221876,"isSuperRegionBorder":-0.6853922223672271}}