{"initial":{"borders":-3.0023574316874146,"allyDist":-2.2048003459349275,"enemyDist":-2.3320755129680037,"superRegionSize":3.420336367562413,"superRegionClaimedAlly":-3.3977109426632524,"superRegionClaimedEnemy":-9.13128740619868,"superRegionBorders":-8.582608895376325,"superRegionWastelands":3.010243233293295,"superRegionBonus":-0.23456912022083998,"superRegionBonusPerRegion":2.2957815835252404,"isSuperRegionBorder":1.1326027009636164}}