{"initial":{"borders":8.306972649879754,"allyDist":5.089981728233397,"enemyDist":2.718337490223348,"superRegionSize":3.309704107232392,"superRegionClaimedAlly":6.152145182713866,"superRegionClaimedEnemy":-5.082797352224588,"superRegionBorders":7.812914690002799,"superRegionWastelands":-3.7698535388335586,"superRegionBonus":-0.7525247382000089,"superRegionBonusPerRegion":2.9944758443161845,"isSuperRegionBorder":1.30137512460351}}