{"initial":{"borders":-1.699385684914887,"allyDist":8.437988189980388,"enemyDist":5.9108273684978485,"superRegionSize":3.9933001715689898,"superRegionClaimedAlly":-7.774110962636769,"superRegionClaimedEnemy":2.2649725386872888,"superRegionBorders":3.324057459831238,"superRegionWastelands":4.6365332417190075,"superRegionBonus":4.900841191411018,"superRegionBonusPerRegion":-4.227116899564862,"isSuperRegionBorder":-4.027810920961201}}