{"initial":{"borders":2.715594256296754,"allyDist":-6.040501007810235,"enemyDist":0.5893540382385254,"superRegionSize":-3.931951252743602,"superRegionClaimedAlly":-4.471173295751214,"superRegionClaimedEnemy":-8.313431590795517,"superRegionBorders":-2.662061187438667,"superRegionWastelands":8.230270650237799,"superRegionBonus":-1.4336757361888885,"superRegionBonusPerRegion":5.11911862064153,"isSuperRegionBorder":8.261128445155919}}