{"initial":{"borders":-2.2056503733620048,"allyDist":3.234729850664735,"enemyDist":-8.77303698565811,"superRegionSize":-7.03508528880775,"superRegionClaimedAlly":5.369973522610962,"superRegionClaimedEnemy":9.62673235218972,"superRegionBorders":-0.6106069218367338,"superRegionWastelands":5.258563086390495,"superRegionBonus":3.0475896736606956,"superRegionBonusPerRegion":0.3588035190477967,"isSuperRegionBorder":-1.185186980292201}}