{"initial":{"borders":-0.09409038815647364,"allyDist":-4.927735021337867,"enemyDist":1.2726711435243487,"superRegionSize":-3.9330407977104187,"superRegionClaimedAlly":-0.7902789628133178,"superRegionClaimedEnemy":0.6620455859228969,"superRegionBorders":7.064277175813913,"superRegionWastelands":0.6213173735886812,"superRegionBonus":-8.085421184077859,"superRegionBonusPerRegion":8.971266751177609,"isSuperRegionBorder":2.208214192651212}}