{"initial":{"borders":-1.4249612484127283,"allyDist":-2.4687520787119865,"enemyDist":-1.4043663581833243,"superRegionSize":-9.601554065011442,"superRegionClaimedAlly":-7.108364296145737,"superRegionClaimedEnemy":4.585277820006013,"superRegionBorders":3.143410887569189,"superRegionWastelands":7.901701433584094,"superRegionBonus":-0.331859583966434,"superRegionBonusPerRegion":8.401731308549643,"isSuperRegionBorder":-8.488968429155648}}