{"initial":{"borders":-4.607609552331269,"allyDist":-4.745343248359859,"enemyDist":-9.582145409658551,"superRegionSize":4.12089716643095,"superRegionClaimedAlly":7.933041416108608,"superRegionClaimedEnemy":1.1736030597239733,"superRegionBorders":-8.648453778587282,"superRegionWastelands":-2.655766191892326,"superRegionBonus":3.6868117190897465,"superRegionBonusPerRegion":0.03807601984590292,"isSuperRegionBorder":-3.9470495423302054}}