{"initial":{"borders":5.76327261980623,"allyDist":2.966000959277153,"enemyDist":5.875917291268706,"superRegionSize":-4.776598676107824,"superRegionClaimedAlly":-7.934331758879125,"superRegionClaimedEnemy":-8.865535403601825,"superRegionBorders":2.6893403148278594,"superRegionWastelands":-3.249936862848699,"superRegionBonus":-6.209936989471316,"superRegionBonusPerRegion":5.160890808328986,"isSuperRegionBorder":0.7650046283379197}}