{"initial":{"borders":1.9015888450667262,"allyDist":-4.607018763199449,"enemyDist":4.7594123892486095,"superRegionSize":0.15369291882961988,"superRegionClaimedAlly":1.727142445743084,"superRegionClaimedEnemy":-9.581485372036695,"superRegionBorders":-3.0937654990702868,"superRegionWastelands":7.601703372783959,"superRegionBonus":9.172280500642955,"superRegionBonusPerRegion":7.049897229298949,"isSuperRegionBorder":4.353371090255678}}