{"initial":{"borders":1.9401482958346605,"allyDist":-8.169828057289124,"enemyDist":-9.305862761102617,"superRegionSize":2.777865007519722,"superRegionClaimedAlly":-7.698469366878271,"superRegionClaimedEnemy":6.505545759573579,"superRegionBorders":3.574399119243026,"superRegionWastelands":-2.2951832273975015,"superRegionBonus":-9.209259352646768,"superRegionBonusPerRegion":8.629236938431859,"isSuperRegionBorder":-6.201031859964132}}