{"initial":{"borders":-8.95461693406105,"allyDist":-2.0623173005878925,"enemyDist":5.613677576184273,"superRegionSize":1.8455424904823303,"superRegionClaimedAlly":6.820446285419166,"superRegionClaimedEnemy":4.593577706255019,"superRegionBorders":-4.461771575734019,"superRegionWastelands":4.604120594449341,"superRegionBonus":-0.4868814395740628,"superRegionBonusPerRegion":-7.683867430314422,"isSuperRegionBorder":9.71871720161289}}